id,target
11658,
917,
20354,
19537,
22925,
8340,
12724,
17601,
6733,
9993,
3091,
3308,
9002,
19641,
11462,
17280,
21355,
12353,
9191,
20978,
7235,
22995,
16525,
480,
7641,
14429,
16275,
3517,
13264,
14028,
11431,
19266,
12406,
18570,
20945,
7566,
6704,
17445,
4586,
14564,
24210,
7832,
16862,
22794,
17574,
22787,
15580,
3809,
1862,
21987,
9306,
6877,
18182,
20106,
127,
8167,
8969,
8853,
18842,
17308,
6361,
3855,
15296,
19612,
11354,
9822,
23010,
4070,
929,
17340,
8112,
22292,
3021,
20640,
22323,
15244,
14283,
20071,
23012,
10446,
22685,
2308,
2213,
23400,
12157,
4663,
22035,
18894,
18196,
9360,
19541,
14753,
14442,
9312,
10443,
8933,
23362,
12521,
8196,
21435,
2034,
6231,
15490,
24022,
2113,
11680,
15171,
17908,
16314,
6694,
16256,
9654,
11758,
667,
656,
3789,
6174,
5433,
11341,
22068,
10856,
12466,
11077,
12239,
8224,
16054,
22612,
3669,
7282,
9349,
2268,
2122,
21777,
2433,
18097,
18124,
5123,
6373,
11306,
24382,
8610,
20046,
4250,
15087,
6905,
20098,
11258,
17069,
15473,
15050,
16146,
15515,
19751,
19354,
6414,
13718,
4048,
16808,
4816,
21405,
9972,
18448,
6862,
8173,
4223,
1662,
8215,
13148,
8922,
8902,
14714,
10203,
9215,
2548,
24228,
6586,
10165,
3354,
18492,
17526,
15882,
23532,
18947,
9560,
19915,
17669,
3638,
13672,
6413,
8932,
13605,
22676,
7406,
1558,
2427,
24534,
4624,
18695,
764,
22886,
17528,
5275,
9827,
24272,
23390,
8725,
20991,
689,
16759,
21785,
725,
7810,
5255,
18627,
7841,
7544,
15408,
20625,
23971,
15716,
1810,
24280,
21608,
17429,
16735,
8218,
11351,
13392,
23672,
12835,
8997,
21500,
15922,
14632,
17853,
23102,
8527,
19748,
9487,
5133,
3352,
15730,
8677,
21016,
2263,
6312,
11213,
21283,
14436,
2017,
22534,
9070,
3804,
12644,
20004,
16787,
24072,
8344,
4971,
13290,
21567,
9230,
6978,
10097,
11727,
22947,
17311,
12286,
3743,
23668,
18591,
15504,
20708,
11366,
6904,
16611,
14786,
18399,
21417,
7925,
6715,
12790,
7802,
11951,
918,
16104,
16148,
338,
21001,
11147,
11148,
17584,
11930,
21597,
23309,
16024,
5009,
16255,
10707,
17169,
16361,
7766,
4503,
11890,
1383,
14524,
13421,
7936,
3305,
2952,
10932,
4165,
20288,
20719,
11280,
11416,
1159,
1584,
14186,
3794,
17712,
11848,
7978,
22817,
15724,
5742,
4304,
9187,
16687,
19904,
16651,
4683,
6972,
12134,
9943,
19049,
7809,
23517,
5374,
10746,
12409,
13924,
2269,
6360,
17122,
3182,
15709,
12,
2881,
21836,
12641,
6549,
2915,
17151,
11679,
17987,
5041,
11329,
23340,
16919,
11908,
22593,
4511,
12427,
2903,
11610,
16531,
8575,
778,
21038,
13870,
9026,
12023,
19760,
20743,
16820,
13473,
5396,
14480,
20930,
8647,
15962,
17156,
19447,
23247,
20971,
22840,
20348,
12619,
9600,
23580,
20795,
5383,
7000,
4910,
7951,
12563,
10338,
24086,
3074,
6252,
1105,
23874,
16044,
2930,
12697,
17043,
12748,
4361,
5952,
21126,
24058,
21715,
19369,
7152,
18853,
19488,
16951,
24047,
16390,
22288,
731,
20542,
21955,
22865,
3482,
16022,
20958,
23820,
4311,
4327,
23935,
17060,
17939,
20609,
22422,
13183,
15764,
22797,
1896,
39,
16543,
1376,
7373,
14700,
13228,
18402,
2630,
23042,
11453,
20005,
16173,
22067,
5668,
3850,
23893,
14281,
7724,
16171,
2186,
20346,
15642,
5453,
4242,
20455,
12449,
10333,
14387,
17787,
1841,
16369,
21805,
23536,
24311,
6141,
24312,
23287,
750,
5980,
14296,
20515,
5141,
1648,
20875,
22517,
953,
18024,
14282,
12774,
24448,
14038,
14929,
10362,
4203,
1070,
12117,
1177,
12616,
15368,
10199,
12714,
4174,
20451,
16612,
3432,
10567,
18306,
10859,
15651,
20165,
7094,
11152,
11505,
21891,
3664,
19249,
5461,
8911,
2731,
10343,
19017,
22793,
266,
14403,
2950,
9718,
976,
21002,
21966,
1373,
4489,
17818,
7378,
22680,
7942,
7174,
12493,
11546,
6922,
16405,
22980,
20803,
11265,
13463,
9139,
23421,
15151,
9259,
19648,
14988,
24236,
210,
6434,
16075,
688,
16656,
24252,
14615,
14274,
2698,
12241,
14977,
23146,
11009,
13335,
7729,
23736,
23433,
14633,
10175,
13404,
2509,
5145,
19343,
20318,
22251,
8833,
19054,
22494,
22795,
6998,
1378,
18356,
499,
6054,
15819,
12464,
23576,
24263,
13591,
12653,
13656,
24516,
11703,
9803,
4657,
14550,
5358,
433,
2682,
20219,
8154,
23124,
8371,
16821,
7139,
21920,
10842,
20473,
4010,
15011,
20263,
14081,
17323,
8532,
12968,
18208,
12443,
6915,
1717,
12495,
6335,
9692,
16889,
13063,
23556,
788,
17684,
16755,
14393,
14439,
13042,
7660,
17055,
7284,
2221,
15627,
0,
9593,
6615,
231,
21473,
3126,
6814,
4233,
318,
3991,
8013,
11917,
17704,
20483,
5703,
12885,
20636,
6081,
6657,
1942,
4569,
10245,
22895,
20443,
11184,
15037,
7241,
10886,
24098,
10732,
11440,
11409,
13458,
12033,
11054,
24551,
17668,
11689,
5739,
9873,
22584,
10822,
1814,
21623,
5517,
11465,
4955,
21989,
744,
4144,
11275,
333,
20459,
11369,
17392,
12468,
16675,
3213,
6789,
19339,
24075,
809,
7265,
20432,
24383,
20813,
17451,
14761,
21408,
13632,
23821,
9828,
4484,
21039,
6818,
20599,
7021,
5430,
9949,
16710,
14578,
15976,
23781,
14485,
16623,
20530,
19792,
3319,
1375,
21793,
7362,
7006,
9844,
6602,
1367,
16700,
6036,
18088,
4162,
21656,
7324,
16999,
16337,
22096,
7799,
14019,
21401,
21863,
21488,
10005,
4376,
4938,
11417,
19975,
15437,
10028,
8114,
1184,
22478,
2847,
10624,
23524,
19118,
18885,
18231,
13202,
5817,
3409,
1684,
141,
24259,
12467,
4089,
4217,
7153,
15856,
5070,
11788,
9320,
5635,
13094,
2992,
21112,
11002,
19248,
1206,
17966,
5858,
3476,
9182,
12348,
22863,
20475,
8279,
20023,
24502,
23395,
10857,
9301,
4358,
24579,
17763,
21277,
1288,
19781,
977,
9890,
6115,
6395,
10135,
23636,
9792,
6638,
23353,
16774,
9974,
23572,
1535,
14719,
9150,
16538,
2266,
2604,
20736,
17376,
22969,
76,
5855,
2284,
24226,
9308,
12248,
20648,
22561,
20135,
23875,
21613,
9240,
8499,
2072,
7081,
22436,
2488,
15736,
13618,
5545,
19696,
19593,
11802,
5096,
43,
22200,
7041,
1964,
18051,
6009,
1408,
2197,
16947,
22911,
9643,
6139,
12615,
5925,
13367,
6927,
921,
21009,
8252,
24445,
7696,
15284,
11052,
6427,
13354,
5678,
10900,
3041,
12100,
14830,
4181,
23117,
21663,
11030,
6150,
23534,
20080,
23787,
3744,
11428,
21422,
4641,
358,
14497,
4699,
7322,
18617,
3732,
15174,
13028,
4427,
4827,
7332,
14365,
11055,
16066,
22624,
8471,
8585,
19145,
15960,
14474,
6824,
15644,
13143,
24524,
13538,
5128,
2723,
23495,
22516,
11612,
3370,
1754,
19484,
3003,
7706,
6422,
14089,
9498,
828,
11456,
18588,
15775,
293,
18005,
17361,
20493,
24215,
12904,
6906,
1198,
8949,
2,
11561,
4609,
23931,
4084,
13762,
7478,
18726,
5087,
11579,
16544,
6130,
13625,
7042,
3770,
5959,
13558,
5142,
24416,
8011,
379,
17085,
17335,
4339,
18759,
10634,
11403,
15542,
2294,
4986,
1819,
18115,
3202,
5162,
4035,
23917,
7879,
17324,
24141,
15064,
6667,
14320,
5157,
11305,
14994,
22229,
6771,
22090,
15015,
17236,
23906,
16188,
24044,
5647,
19790,
2963,
5016,
11297,
20943,
4379,
9762,
10803,
23030,
6551,
13898,
7069,
9486,
13665,
19247,
20678,
24423,
19034,
18637,
18200,
19919,
6645,
16632,
1068,
1848,
5266,
21453,
17014,
11171,
16126,
18536,
73,
3834,
1510,
8850,
16042,
9350,
4299,
4430,
18276,
5062,
15734,
17160,
6902,
10712,
21796,
23021,
9255,
13911,
13077,
4931,
2303,
22165,
21589,
12567,
19046,
22173,
1419,
11031,
6077,
22902,
11903,
14636,
4145,
24060,
16180,
17094,
10277,
15147,
11627,
5665,
16486,
9166,
312,
1258,
13742,
10670,
513,
2253,
9823,
599,
11774,
19524,
2663,
2193,
16452,
12396,
21819,
21485,
4839,
12930,
18579,
310,
22465,
10798,
1041,
227,
23861,
14023,
6690,
4710,
3571,
23195,
10660,
15678,
8863,
18400,
10256,
3920,
3490,
6002,
18449,
761,
9979,
4651,
16049,
4234,
9831,
6402,
4477,
14269,
19957,
9519,
14404,
7067,
1614,
11231,
890,
6206,
24071,
3677,
9450,
11491,
4333,
14598,
22904,
8799,
5218,
13267,
19853,
2088,
2272,
21487,
9863,
3237,
3406,
5866,
13563,
14120,
5879,
894,
7095,
8439,
7639,
8142,
22769,
4273,
19165,
21725,
11947,
10478,
7386,
3329,
6607,
2946,
12659,
17447,
13519,
15636,
11706,
20032,
3696,
15359,
2138,
23125,
23647,
18205,
18467,
12815,
1493,
11657,
12182,
12785,
19460,
16977,
4954,
11407,
2955,
2466,
14013,
7409,
20485,
12413,
18846,
13060,
8330,
23480,
1751,
9601,
13390,
16023,
8663,
19351,
7732,
2224,
10949,
12514,
8358,
13464,
20314,
364,
14522,
8119,
16864,
4779,
3447,
11587,
8667,
20954,
20556,
3543,
20075,
13739,
21914,
22389,
16981,
16073,
3330,
853,
4219,
7624,
20744,
20149,
22996,
22706,
456,
12204,
3891,
9286,
4880,
7608,
9252,
22411,
3245,
10342,
4784,
4058,
4752,
17840,
9612,
6571,
14652,
13021,
9044,
13224,
24249,
3346,
15027,
1503,
8111,
15916,
16828,
21442,
20788,
22987,
3717,
17906,
24051,
17240,
20778,
20831,
23084,
17051,
12565,
14921,
216,
16636,
20937,
22005,
18610,
7084,
6179,
17561,
7394,
1165,
2993,
6500,
2473,
17138,
9092,
22518,
530,
14788,
4362,
4989,
2277,
9895,
9538,
11671,
23720,
17697,
1709,
13882,
13112,
12361,
5937,
11765,
11859,
6254,
5899,
17073,
9151,
22135,
11922,
9799,
20562,
6596,
2203,
17421,
12916,
1919,
9052,
18630,
22751,
15293,
10283,
15268,
18929,
22898,
1915,
22874,
8473,
3368,
22284,
11263,
22507,
13905,
9613,
16948,
5168,
6074,
17194,
604,
2521,
21131,
1628,
13491,
3522,
2276,
17316,
8139,
9270,
13871,
10791,
16304,
23685,
21023,
1482,
15967,
4087,
18435,
24025,
5198,
4510,
21369,
7635,
10602,
16838,
11045,
9098,
15975,
5094,
17522,
3636,
13819,
3554,
7627,
14086,
23922,
6741,
18811,
4413,
16289,
10278,
14729,
20441,
14553,
23731,
7285,
15754,
663,
18509,
22623,
4325,
20279,
20823,
16866,
4759,
23440,
2256,
20044,
6101,
23671,
10608,
5284,
19336,
5101,
3351,
10665,
4130,
19765,
24301,
15074,
19704,
12606,
19019,
2760,
22963,
23695,
10213,
13220,
16004,
16818,
10601,
16869,
11146,
20653,
10354,
11943,
2453,
7039,
14279,
11408,
6010,
13007,
776,
1990,
16008,
5463,
18653,
6763,
22023,
15353,
7290,
6164,
5767,
3591,
7180,
9407,
16412,
24010,
3620,
3310,
14131,
12333,
23845,
2676,
11203,
6352,
1050,
18145,
13411,
11977,
9181,
9039,
16950,
13791,
21791,
9198,
8814,
19755,
13693,
2742,
20684,
1680,
612,
12986,
4913,
5364,
19706,
7281,
791,
6894,
11477,
10711,
8453,
1104,
6839,
24458,
12498,
17795,
15085,
4647,
8329,
3533,
11786,
19898,
9281,
728,
6682,
6876,
2452,
2940,
18963,
5972,
12629,
10268,
16458,
6935,
642,
10008,
6608,
3331,
10447,
10395,
14724,
5945,
16457,
5753,
23103,
15290,
5578,
1802,
12031,
24607,
13124,
13452,
13236,
6699,
7690,
8720,
6001,
23307,
8314,
18269,
19608,
2052,
10801,
15779,
21883,
17592,
24040,
10003,
507,
22329,
10231,
23359,
16439,
20682,
868,
10776,
805,
9103,
18672,
19516,
11515,
21332,
13168,
5072,
5613,
12693,
4846,
3927,
2107,
5019,
15494,
18686,
8277,
15575,
14438,
1825,
4962,
1835,
6474,
8232,
17296,
16105,
19749,
15417,
10152,
23550,
20821,
19392,
350,
17794,
10938,
18905,
15548,
16883,
15130,
22635,
20694,
15498,
11385,
23840,
10849,
1517,
19865,
23157,
18234,
17029,
2941,
7717,
21854,
8122,
249,
17740,
20850,
11020,
7589,
3977,
15266,
21837,
17075,
19573,
10065,
18643,
23507,
8041,
19583,
21530,
22530,
12489,
18223,
15816,
12882,
9840,
21402,
11946,
12275,
7938,
21060,
2583,
21831,
12713,
23259,
12872,
840,
18835,
8591,
74,
1466,
4629,
24269,
7397,
2485,
15280,
12080,
5566,
1305,
14501,
5249,
23334,
10649,
3356,
19909,
13457,
21732,
9264,
9806,
20321,
18803,
17454,
5621,
14733,
6869,
11044,
23076,
13854,
11434,
10147,
9608,
1583,
10981,
8536,
13745,
19141,
18079,
23255,
7630,
4285,
9188,
11730,
2043,
19550,
16515,
18252,
1161,
2440,
14356,
3262,
13006,
22839,
12779,
23272,
20337,
15600,
4820,
16424,
2247,
5673,
17326,
8098,
24568,
14705,
3048,
5173,
10854,
9223,
12622,
21882,
14544,
4968,
2508,
4974,
10378,
18206,
14937,
11024,
23034,
10259,
3995,
19027,
16834,
21526,
22900,
8372,
4885,
2092,
15966,
11299,
12554,
6355,
19730,
15183,
17033,
22412,
21079,
1653,
12547,
19941,
3169,
16606,
19396,
13104,
14666,
18331,
4507,
15120,
20587,
13840,
1771,
18771,
23036,
21389,
8617,
13834,
14247,
21788,
12884,
14045,
3790,
20527,
5125,
17289,
2794,
14687,
3528,
5025,
21772,
14462,
23203,
18194,
23687,
911,
1374,
2163,
17954,
12153,
3625,
4292,
18119,
14864,
19720,
7993,
1190,
21803,
11535,
16485,
5746,
2641,
15384,
2402,
21466,
9825,
8036,
18710,
14188,
16391,
22875,
1613,
6006,
22220,
19577,
6308,
22694,
10508,
22962,
18678,
986,
10779,
4617,
20489,
472,
24166,
14136,
24450,
12391,
10315,
18745,
1084,
1359,
12363,
10083,
10449,
11032,
15885,
19126,
20983,
18883,
11376,
13600,
19733,
16170,
12781,
22063,
16598,
7731,
44,
14075,
22450,
16650,
2379,
11155,
18046,
24229,
7759,
1271,
18068,
21462,
20722,
16519,
7941,
22354,
3208,
10469,
21640,
1821,
213,
6162,
9405,
22281,
12557,
18373,
10291,
18116,
15378,
18087,
14336,
21991,
16321,
3332,
15875,
23619,
11897,
884,
1433,
13004,
4522,
18495,
19601,
19505,
20230,
15086,
22974,
11674,
14832,
5936,
7102,
18676,
5201,
12393,
723,
13156,
6357,
7491,
16218,
13197,
14906,
8338,
13187,
14087,
1301,
6577,
10853,
22365,
11186,
13673,
20087,
7634,
21816,
23708,
2680,
17812,
5185,
6078,
17727,
11387,
18666,
8484,
5968,
20665,
2809,
12344,
12810,
3907,
9716,
1925,
5293,
20027,
11324,
5598,
1831,
16570,
4077,
18523,
2805,
17679,
21804,
13211,
20518,
17830,
3753,
3889,
10631,
5794,
720,
21903,
21523,
21519,
17065,
13910,
17614,
2005,
17611,
21067,
11190,
6722,
21733,
15023,
6241,
23834,
9357,
11694,
10862,
2532,
17619,
9773,
1385,
7240,
13100,
5718,
13668,
20238,
2032,
17539,
2820,
9961,
186,
9734,
1303,
22059,
519,
23769,
15190,
20224,
7887,
8391,
9318,
23221,
5137,
20003,
5304,
3477,
19614,
16638,
3961,
19281,
13200,
706,
19775,
6832,
14905,
11975,
7493,
384,
4218,
5150,
21926,
20138,
12776,
7734,
13958,
5829,
13102,
22357,
12206,
20627,
10552,
22774,
9077,
9908,
2823,
13733,
9746,
3535,
3271,
5982,
10232,
3637,
18733,
7463,
4132,
19570,
22649,
19817,
6708,
8735,
1251,
24092,
20521,
10438,
187,
294,
22231,
24375,
18906,
23683,
1410,
5640,
9872,
2703,
24544,
20278,
22458,
17613,
8956,
24595,
22473,
2462,
11282,
11177,
13050,
15981,
4930,
20869,
1334,
3269,
8418,
24320,
15278,
7344,
10994,
1660,
2265,
7283,
15158,
6539,
9940,
2486,
18350,
15117,
24319,
19668,
24557,
13663,
23315,
20491,
3504,
5768,
4019,
610,
24553,
20047,
14567,
15751,
15811,
18365,
15312,
11586,
23955,
21490,
11026,
2765,
19193,
10212,
4270,
14001,
21312,
18560,
9529,
22313,
9452,
20394,
8998,
19219,
16196,
2734,
19580,
13300,
22212,
11836,
23145,
4286,
5924,
11735,
944,
23073,
806,
20145,
5693,
14795,
17700,
14243,
22776,
24124,
9512,
17698,
20808,
6541,
22108,
15198,
4977,
13476,
12974,
20654,
4884,
22437,
24573,
7588,
15067,
20229,
6090,
11169,
21281,
8718,
1120,
16163,
24461,
3700,
1295,
2996,
6769,
17666,
2315,
12132,
17417,
8965,
60,
4527,
3812,
4757,
19098,
1351,
19023,
24449,
21298,
16973,
6155,
16746,
4692,
7454,
8907,
14053,
2813,
23649,
20581,
18343,
8884,
18967,
4892,
6223,
17828,
11278,
11056,
20350,
1357,
363,
24317,
21459,
20528,
14517,
18546,
8909,
11197,
21360,
23961,
14508,
10498,
18023,
23799,
14872,
12700,
8461,
13802,
19818,
11233,
19075,
18825,
645,
9700,
4344,
13242,
13144,
16317,
14792,
19147,
10274,
377,
13585,
20231,
22486,
15109,
21368,
13089,
18047,
11845,
3143,
21771,
3096,
22866,
14171,
22131,
18054,
23805,
9860,
7340,
7150,
202,
23083,
4068,
4830,
13111,
12007,
12983,
13592,
15248,
495,
11234,
6680,
22749,
18228,
14789,
969,
20273,
14063,
1588,
20449,
19665,
3103,
2385,
24020,
7147,
5802,
8067,
13715,
10366,
12964,
20026,
16154,
21677,
22594,
12226,
3605,
2150,
18789,
2733,
12112,
21899,
2960,
22719,
20939,
5865,
6714,
22975,
6372,
20156,
7833,
17012,
439,
6749,
5120,
19388,
12856,
1212,
15807,
11363,
22760,
23415,
8253,
12448,
23331,
9830,
1256,
24556,
21665,
21984,
22503,
19603,
5043,
5983,
1058,
4439,
7363,
20136,
1163,
18302,
9336,
20923,
10702,
7973,
289,
15691,
14457,
6276,
15808,
13511,
10877,
21578,
17568,
10595,
3737,
22954,
2687,
20841,
13259,
1685,
247,
18189,
16792,
23774,
10207,
14417,
20125,
16568,
20732,
17783,
9069,
19210,
8289,
11207,
11094,
861,
9956,
14239,
18154,
15462,
20285,
22548,
22723,
5172,
11261,
4336,
2211,
8830,
20757,
12890,
15744,
20039,
2594,
2112,
23277,
1013,
5701,
16473,
7892,
19729,
17229,
5064,
10468,
13577,
3888,
12994,
18220,
623,
7178,
2106,
17332,
2878,
23007,
11067,
5410,
4851,
8203,
20261,
15509,
11886,
17726,
16605,
14899,
9946,
3487,
19808,
21743,
3216,
823,
9787,
20773,
7953,
22948,
8917,
21515,
1483,
20783,
18337,
23839,
20804,
4457,
23013,
18316,
8135,
6514,
19529,
2609,
4154,
399,
4751,
1851,
8233,
3644,
17798,
7772,
8726,
15731,
20507,
16574,
11766,
20470,
7908,
4855,
8458,
24542,
24297,
1679,
16340,
24257,
13844,
8479,
8743,
24592,
13675,
2964,
5369,
2384,
17889,
17504,
18605,
15395,
4465,
8620,
1250,
10993,
21030,
17081,
1491,
2356,
11367,
3513,
17046,
8940,
10178,
16639,
11722,
14194,
10015,
12531,
22824,
325,
15457,
15930,
7885,
22660,
7730,
4224,
11582,
3093,
13118,
6040,
10101,
24027,
12459,
14800,
17163,
20724,
4863,
7068,
22360,
17892,
8147,
13628,
11877,
19732,
8237,
6154,
7744,
18148,
22051,
9323,
6993,
9994,
5747,
941,
22737,
4167,
2155,
1485,
10910,
7053,
4197,
16989,
24046,
14854,
23759,
4313,
21958,
22438,
20639,
7020,
23704,
9832,
11405,
1111,
22761,
10682,
21426,
9605,
2164,
18226,
11690,
7296,
11661,
13935,
24505,
10697,
15640,
23801,
7535,
14759,
6128,
1792,
9817,
3859,
17374,
13776,
5500,
18322,
15888,
831,
1921,
8556,
18830,
2159,
17346,
23465,
5000,
20635,
19883,
21025,
6243,
973,
1456,
424,
5917,
15407,
8182,
16680,
8786,
17188,
8724,
24597,
20332,
6545,
20674,
13804,
11850,
8950,
20720,
22429,
8103,
19373,
8412,
2826,
10110,
19591,
22453,
14783,
8162,
16524,
21977,
47,
20701,
19341,
9040,
10382,
13133,
5063,
22142,
5491,
15459,
23552,
7933,
20816,
24462,
13701,
3905,
1692,
21382,
6033,
23398,
16462,
15777,
3815,
23077,
3362,
17377,
15570,
20853,
4589,
8254,
11487,
13136,
7259,
22276,
15931,
17158,
21272,
1203,
510,
14924,
18855,
9314,
21284,
12154,
14668,
10757,
1753,
9786,
2679,
3870,
17759,
24283,
102,
77,
2090,
4945,
6531,
1487,
5158,
11179,
2577,
16972,
4229,
11573,
12355,
11530,
16998,
9941,
5751,
4394,
1218,
8630,
19240,
3686,
15890,
5211,
15614,
19292,
17491,
16627,
20301,
1176,
16253,
17275,
1240,
13053,
5340,
5529,
5291,
22644,
1141,
2741,
9134,
11810,
24571,
16481,
21902,
22111,
22398,
1838,
1356,
23386,
8236,
19994,
11517,
21095,
24093,
22893,
6774,
10819,
7424,
583,
17590,
17973,
20433,
24195,
21967,
20486,
17916,
7395,
7447,
20124,
1904,
21892,
22867,
17449,
3537,
22218,
19681,
6966,
15243,
7086,
14179,
11392,
22262,
16800,
2645,
18626,
15458,
3129,
16000,
21335,
16550,
23289,
4610,
14889,
12672,
6423,
8985,
5734,
3798,
6756,
4420,
6225,
21653,
8000,
3992,
12524,
7547,
9721,
17953,
13971,
4785,
18940,
20498,
10627,
21968,
20891,
15757,
14159,
19111,
1799,
10394,
14812,
13152,
19413,
7190,
24581,
8807,
5906,
14680,
4024,
70,
16854,
14215,
6358,
14227,
24146,
15905,
4736,
14613,
10223,
10929,
18033,
8165,
23533,
13232,
1306,
8818,
22286,
8161,
11131,
6409,
4245,
16923,
18134,
18527,
10167,
18120,
21546,
10906,
19955,
220,
13179,
3521,
10319,
20057,
1004,
4964,
22242,
24268,
4179,
704,
6444,
6757,
11451,
15195,
12836,
15469,
7063,
12314,
7050,
1335,
15208,
6112,
4414,
2083,
12812,
23312,
245,
2513,
449,
15301,
20533,
16540,
20637,
21971,
10549,
20588,
8292,
16709,
7320,
17535,
9849,
6345,
6420,
13365,
8034,
19007,
13842,
13471,
20770,
574,
6156,
11237,
6012,
14098,
14881,
19678,
9970,
16200,
19651,
8091,
2497,
1196,
10361,
4118,
12830,
19715,
19268,
6466,
9948,
4659,
17570,
23767,
3270,
6698,
9710,
19136,
11828,
14137,
4184,
13386,
13034,
14347,
18538,
22414,
10734,
15051,
9369,
7381,
18916,
7563,
8899,
14304,
3472,
7022,
6834,
13119,
484,
7665,
10700,
19278,
17796,
23313,
4506,
9526,
21870,
7584,
2359,
19820,
20696,
17642,
10271,
19647,
1742,
12366,
8849,
3658,
16720,
5155,
6180,
21888,
19996,
7421,
1729,
6686,
930,
21973,
8008,
21998,
4921,
23567,
9752,
6864,
20016,
23063,
11187,
9756,
1372,
17997,
18265,
23929,
4538,
6950,
11461,
4378,
15016,
13198,
17492,
17448,
19588,
3206,
2866,
3293,
21730,
5783,
23497,
4265,
18787,
12041,
3676,
16417,
3628,
2764,
20367,
14251,
18819,
14764,
9317,
9192,
5596,
11486,
8301,
21957,
12416,
15184,
18521,
19719,
2258,
4267,
12148,
417,
7654,
16033,
5343,
22279,
6490,
23459,
21289,
7599,
10021,
5178,
22369,
7441,
12429,
4095,
23039,
22856,
4832,
24474,
11076,
4831,
21167,
4721,
12664,
17831,
22979,
937,
11924,
4294,
19103,
525,
9113,
18352,
7482,
3000,
23748,
7234,
14806,
23297,
11021,
2124,
6557,
19259,
9672,
11551,
18624,
2082,
1647,
6723,
10616,
18949,
24437,
22792,
3328,
14980,
9889,
17130,
19899,
12076,
9425,
19290,
14542,
6932,
5818,
14920,
14416,
6954,
606,
3146,
23549,
10457,
7821,
24218,
16842,
3178,
13433,
12223,
23792,
13160,
24371,
17342,
14459,
24518,
11040,
6104,
8333,
10299,
18035,
782,
7501,
2187,
13085,
21407,
13648,
24066,
10927,
7854,
18642,
2928,
10164,
8544,
16760,
450,
7490,
3431,
24588,
9945,
7143,
622,
17264,
22199,
11901,
4043,
9389,
23147,
2500,
4436,
3516,
36,
13483,
19860,
1127,
17641,
12928,
22921,
22432,
7537,
15361,
8293,
14874,
17020,
20561,
15989,
17475,
13772,
13820,
7217,
2279,
17634,
12141,
1983,
13434,
7494,
15590,
23134,
12721,
8683,
9106,
2694,
7070,
13364,
22633,
9319,
14077,
5632,
2899,
8405,
1716,
14338,
19564,
7519,
7083,
18441,
15568,
854,
21496,
15425,
8994,
13916,
19253,
1612,
6838,
19974,
24140,
24048,
10669,
9897,
11368,
1542,
5295,
12819,
1957,
3301,
13642,
18201,
22899,
2300,
2403,
19741,
3027,
660,
10721,
7116,
19841,
803,
3047,
9140,
22347,
15794,
18944,
8959,
7996,
21812,
907,
11286,
1876,
21220,
9447,
16819,
22831,
9461,
18593,
3361,
18698,
16751,
20147,
12704,
1380,
22114,
7124,
2923,
5779,
6287,
1128,
16234,
1511,
8668,
3837,
11797,
9732,
16549,
1349,
2638,
12193,
3979,
13171,
17733,
21132,
11330,
23626,
19274,
10103,
2725,
17843,
16647,
23455,
2506,
9345,
3775,
4390,
12280,
3793,
1718,
9755,
10383,
8076,
1580,
12331,
4509,
23399,
14315,
6344,
19939,
9783,
13052,
12598,
15693,
22315,
10988,
8746,
18749,
2232,
7583,
2192,
22449,
6497,
3085,
8744,
5961,
1743,
13447,
12533,
14732,
6455,
8676,
22187,
20914,
7319,
16078,
4803,
10971,
22554,
13261,
3806,
532,
17547,
4664,
20022,
9763,
13415,
175,
8548,
15569,
6171,
22101,
20214,
15197,
8954,
9197,
15756,
21533,
19218,
9668,
4591,
15201,
2601,
9395,
2285,
19969,
14291,
14402,
21503,
12345,
3608,
7769,
11415,
8606,
8374,
11799,
7865,
2656,
164,
13174,
2357,
24214,
8534,
15262,
23643,
7615,
20040,
6307,
6534,
20413,
18453,
4570,
15859,
661,
8615,
17132,
14448,
3935,
24143,
13502,
17715,
23055,
15529,
22819,
3014,
12183,
5784,
12431,
13345,
11093,
23041,
22579,
13316,
21893,
16060,
13470,
11746,
17693,
23995,
9503,
12047,
144,
9189,
5581,
19041,
13654,
10121,
12953,
61,
9385,
2557,
20606,
10436,
15864,
16539,
18292,
2534,
15406,
23862,
8646,
7419,
24114,
15585,
15871,
1400,
21808,
10709,
1589,
9968,
13279,
11891,
17322,
7743,
13683,
19254,
18004,
2615,
15953,
955,
1156,
12562,
7946,
6244,
7087,
7273,
21849,
4031,
9434,
22011,
13679,
22853,
15527,
19887,
3148,
20306,
22745,
12067,
11481,
11751,
18472,
6425,
9489,
13289,
13709,
22581,
8586,
5013,
10946,
416,
3493,
23165,
23891,
2204,
786,
13932,
6937,
15917,
12893,
20673,
5065,
7261,
23739,
9703,
6438,
15060,
4701,
4478,
7075,
3702,
6696,
1871,
8592,
19722,
7818,
5152,
23078,
21874,
16240,
4549,
11813,
17366,
6952,
1815,
22550,
8979,
21688,
9056,
1834,
23948,
14825,
7713,
17249,
3877,
14384,
21344,
22435,
16125,
4226,
21455,
9331,
994,
16562,
3911,
8886,
15438,
20010,
11172,
20341,
12127,
8229,
4461,
10142,
19401,
6503,
24343,
693,
18299,
1712,
5547,
18907,
2684,
21108,
1757,
20479,
16059,
5615,
23666,
19434,
22264,
5229,
1827,
12472,
3451,
13336,
188,
13129,
7487,
13859,
4786,
5509,
12125,
23930,
561,
7643,
14453,
6528,
9222,
14110,
24463,
12340,
277,
5473,
2812,
9780,
6473,
21467,
8716,
11976,
5893,
4368,
5951,
13767,
8157,
17909,
24470,
14927,
4567,
8900,
3285,
3102,
11085,
4042,
23323,
3210,
19156,
5992,
15999,
19737,
17319,
14219,
10683,
21092,
4951,
12973,
3698,
9084,
22043,
17339,
14907,
12234,
403,
3684,
24224,
14557,
15340,
19324,
18232,
6934,
3545,
21722,
16378,
18758,
20038,
18569,
12520,
10785,
16297,
16585,
11028,
6605,
8836,
16995,
15351,
12228,
17595,
2998,
4308,
17517,
22956,
7595,
6316,
16035,
9075,
17793,
24153,
17775,
17310,
3774,
7875,
18497,
15708,
17632,
12726,
17464,
11684,
9302,
12669,
21607,
8108,
19799,
7988,
5843,
2202,
4302,
11145,
10948,
1308,
7223,
7705,
20477,
21654,
22289,
9307,
9685,
7712,
23835,
4731,
6634,
6049,
18554,
8271,
5005,
24196,
23338,
16880,
22395,
18740,
10597,
7352,
23773,
10847,
5618,
20844,
12455,
16189,
912,
11697,
11597,
635,
18384,
2664,
11204,
10330,
3133,
2367,
15144,
6107,
21843,
19967,
13724,
17026,
23640,
12877,
2744,
9119,
12754,
2610,
3924,
17192,
21637,
16576,
24323,
925,
18535,
4170,
4236,
18433,
15668,
3141,
22378,
12279,
18084,
3056,
1371,
19789,
18277,
12038,
13049,
8563,
16307,
4081,
7115,
21628,
9845,
4949,
14533,
4109,
11979,
15958,
12092,
14738,
15165,
13818,
16563,
4272,
14809,
20811,
11637,
6801,
11711,
3900,
3309,
19965,
65,
16206,
15059,
2927,
22309,
15362,
2132,
5416,
24313,
3699,
23137,
21691,
23094,
5929,
18275,
9297,
10332,
9515,
11206,
7049,
14226,
15010,
2081,
14218,
18481,
18549,
1755,
57,
20970,
12084,
21525,
5040,
9938,
7151,
